Make,Variant,"Length 
(ft)",Geographic Region,Country/Region/State,Listing Price (USD),Year
Lagoon,380,38,Caribbean,Martinique,"$204,921",2005
Lagoon,380,38,Caribbean,Guadeloupe,"$200,071",2005
Lagoon,380,38,USA,Florida,"$219,000",2005
Fountaine Pajot,Lavezzi 40,39,Caribbean,Mexico,"$210,000",2005
Leopard,40,39,Caribbean,Panama,"$200,000",2005
Nautitech,40,39.5,Europe,Croatia,"$188,252",2005
Nautitech,40,39.5,Europe,Croatia,"$188,131",2005
Lagoon,410,40.5,Caribbean,Grenada,"$225,000",2005
Lagoon,410-S2,40.5,Europe,Spain,"$303,395",2005
Lagoon,410-S2,40.5,Europe,Turkey,"$231,042",2005
Lagoon,410,40.5,USA,Florida,"$235,000",2005
Broadblue,415,42,Caribbean,Grenada,"$330,000",2005
Manta,42 MK II,42,USA,Florida,"$269,500",2005
Manta,42 MK II,42,USA,Florida,"$249,900",2005
Manta,42 MK II,42,USA,Florida,"$249,900",2005
Knysna,440,44,Caribbean,Grenada,"$230,000",2005
Lagoon,440,44.6,Caribbean,Martinique,"$349,833",2005
Lagoon,440,44.6,Caribbean,Martinique,"$349,560",2005
Lagoon,440,44.6,USA,Georgia,"$379,000",2005
Lagoon,440,44.6,USA,Florida,"$320,000",2005
Lagoon,440,44.6,USA,Florida,"$320,000",2005
Fountaine Pajot,Bahia 46,46,Caribbean,Martinique,"$255,179",2005
Fountaine Pajot,Bahia 46,46,Caribbean,Martinique,"$254,636",2005
Fountaine Pajot,Bahia 46,46,USA,Florida,"$229,000",2005
Nautitech,47,47,Caribbean,Dominican Republic,"$266,761",2005
Leopard,47,47,Caribbean,U.S. Virgin Islands,"$235,000",2005
Fountaine Pajot,Athena 38,38,Europe,Croatia,"$163,694",2006
Fountaine Pajot,Athena 38,38,Europe,Croatia,"$146,864",2006
Fountaine Pajot,Athena 38,38,Europe,Croatia,"$146,719",2006
Fountaine Pajot,Athena 38,38,Europe,Croatia,"$140,188",2006
Fountaine Pajot,Athena 38,38,Europe,Croatia,"$133,138",2006
Broadblue,385,38.7,Europe,Spain,"$223,109",2006
Broadblue,385,38.7,Europe,United Kingdom,"$220,542",2006
Broadblue,385,38.7,Europe,Spain,"$220,475",2006
Broadblue,385,38.7,Europe,United Kingdom,"$219,923",2006
Broadblue,385,38.7,Europe,Spain,"$219,766",2006
Fountaine Pajot,Lavezzi 40,39,Europe,Greece,"$200,642",2006
Fountaine Pajot,Lavezzi 40,39,Europe,Italy,"$188,482",2006
Leopard,40,39,USA,Washington,"$239,000",2006
Fountaine Pajot,Lavezzi 40,39,USA,Texas,"$219,000",2006
Leopard,40,39,USA,Florida,"$215,500",2006
Nautitech,40,39.5,Europe,Greece,"$217,401",2006
Nautitech,40,39.5,Europe,Greece,"$217,047",2006
Nautitech,40,39.5,Europe,Italy,"$206,722",2006
Nautitech,40,39.5,Europe,Greece,"$206,551",2006
Nautitech,40,39.5,Europe,Greece,"$206,337",2006
Nautitech,40,39.5,Europe,Greece,"$192,796",2006
Nautitech,40,39.5,Europe,Greece,"$191,772",2006
Nautitech,402,40,USA,Florida,"$199,990",2006
Lagoon,410-S2,40.6,Europe,Spain,"$302,787",2006
Lagoon,420,41,Europe,Italy,"$358,698",2006
Maine Cat,41,41.6,USA,New York,"$349,000",2006
Manta,42 MK II,42,USA,Florida,"$269,900",2006
Leopard,43,42.5,Europe,Italy,"$206,708",2006
Fountaine Pajot,Belize 43,42.65,USA,Florida,"$275,000",2006
Privilege,435,43,Caribbean,Guatemala,"$345,100",2006
Privilege,435,43,Caribbean,Guatemala,"$344,705",2006
Privilege,435,43,Caribbean,Mexico,"$344,705",2006
Privilege,435,43,Caribbean,Mexico,"$315,000",2006
Broadblue,435,43.6,Europe,Greece,"$267,617",2006
Lagoon,440,44.6,Europe,Greece,"$325,285",2006
Lagoon,440,44.6,Europe,Greece,"$321,976",2006
Lagoon,440,44.6,Europe,Greece,"$321,644",2006
Lagoon,440,44.6,Europe,Italy,"$309,826",2006
Lagoon,440,44.6,Europe,Italy,"$309,506",2006
Lagoon,440,44.6,Europe,Italy,"$303,751",2006
Lagoon,440,44.6,Europe,Italy,"$303,437",2006
Lagoon,440,44.6,Europe,Croatia,"$267,301",2006
Lagoon,440,44.6,Europe,Croatia,"$267,025",2006
Lagoon,440,44.6,Europe,Croatia,"$267,025",2006
Lagoon,440,44.6,USA,Florida,"$349,000",2006
Fountaine Pajot,Bahia 46,46,Caribbean,Martinique,"$346,315",2006
Fountaine Pajot,Bahia 46,46,Caribbean,Martinique,"$345,577",2006
Fountaine Pajot,Pajot Bahia 46,46,Europe,Italy,"$242,939",2006
Fountaine Pajot,Bahia 46,46,Europe,Italy,"$242,510",2006
Catana,47 Ocean Class,47,Caribbean,Guatemala,"$516,769",2006
Leopard,47,47,Caribbean,Honduras,"$257,061",2006
Nautitech,47,47,Europe,Greece,"$498,026",2006
Nautitech,47,47,Europe,Greece,"$497,637",2006
Lagoon,50 Owners Version,48,Caribbean,Martinique,"$450,000",2006
Lagoon,50,48,Caribbean,British Virgin Islands,"$449,000",2006
Lagoon,500,51,Europe,Spain,"$515,334",2006
Lagoon,500,51,Europe,Greece,"$515,334",2006
Lagoon,500,51,Europe,Greece,"$461,585",2006
Lagoon,500,51,Europe,Greece,"$461,225",2006
Lagoon,500,51,Europe,Greece,"$423,929",2006
Lagoon,500,51,Europe,Greece,"$423,599",2006
Lagoon,500,51,Europe,Greece,"$418,330",2006
Lagoon,380 S2,38,USA,Maryland,"$226,900",2007
Broadblue,385,38.7,Europe,Greece,"$202,496",2007
Broadblue,385,38.7,Europe,United Kingdom,"$200,493",2007
Lagoon,420,41,Europe,Germany,"$314,925",2007
Fountaine Pajot,Orana 44,43,Caribbean,Puerto Rico,"$315,000",2007
Fountaine Pajot,Orana 44,43,USA,Maryland,"$320,000",2007
Knysna,440,44,Caribbean,Trinidad and Tobago,"$220,000",2007
Lagoon,440,44.6,Caribbean,Martinique,"$376,556",2007
Lagoon,440,44.6,Caribbean,Martinique,"$376,262",2007
Lagoon,440,44.6,Caribbean,Netherlands Antilles,"$310,000",2007
Lagoon,440,44.6,Europe,Spain,"$394,877",2007
Lagoon,440,44.6,Europe,Spain,"$394,469",2007
Lagoon,440,44.6,Europe,Spain,"$339,729",2007
Lagoon,440,44.6,Europe,Spain,"$309,506",2007
Lagoon,440,44.6,Europe,Greece,"$297,676",2007
Lagoon,440,44.6,Europe,Greece,"$297,369",2007
Lagoon,440,44.6,USA,Florida,"$349,000",2007
Lagoon,440,44.6,USA,Maryland,"$310,000",2007
Lagoon,440,44.6,USA,Florida,"$294,000",2007
Nautitech,47,47,Europe,Greece,"$394,469",2007
Fountaine Pajot,Salina 48,47,Europe,Turkey,"$345,919",2007
Privilege,495,47,USA,Massachusetts,"$429,900",2007
Lagoon,420,49,USA,Florida,"$435,000",2007
Catana,50,50,Europe,France,"$703,279",2007
Lagoon,500,51,Europe,Spain,"$594,150",2007
Lagoon,500,51,Europe,Italy,"$497,146",2007
Lagoon,570,56,Europe,France,"$705,237",2007
Seawind,1160,38,Caribbean,Mexico,"$350,000",2008
Lagoon,380 S2,38,Europe,Italy,"$236,926",2008
Lagoon,380,38,Europe,Italy,"$236,447",2008
Lagoon,380,38,USA,Florida,"$229,000",2008
Broadblue,385,38.7,Europe,Greece,"$202,496",2008
Broadblue,385,38.7,Europe,Greece,"$200,071",2008
Broadblue,385,38.7,Europe,Greece,"$193,332",2008
Nautitech,40.2,39,Caribbean,Martinique,"$216,047",2008
Fountaine Pajot,Lavezzi 40,39,Caribbean,Cayman Islands,"$186,733",2008
Leopard,40,39,Europe,France,"$273,094",2008
Alliaura,Feeling 39 DI,39,Europe,France,"$218,645",2008
Fountaine Pajot,Lavezzi 40,39,Europe,France,"$194,562",2008
Fountaine Pajot,Lavezzi 40,39,Europe,France,"$194,401",2008
Fountaine Pajot,Lavezzi 40,39,Europe,Greece,"$188,278",2008
Fountaine Pajot,Lavezzi 40,39,Europe,Greece,"$187,945",2008
Nautitech,40,39.5,Europe,Croatia,"$191,772",2008
Lagoon,420,41,Caribbean,Guatemala,"$380,000",2008
Lagoon,420,41,Caribbean,Martinique,"$338,028",2008
Lagoon,420,41,Caribbean,Martinique,"$337,640",2008
Lagoon,420,41,Caribbean,Cayman Islands,"$310,061",2008
Lagoon,420,41,Caribbean,British Virgin Islands,"$309,739",2008
Lagoon,420,41,Caribbean,Cayman Islands,"$309,705",2008
Lagoon,420,41,Caribbean,British Virgin Islands,"$309,079",2008
Lagoon,420,41,Caribbean,Cayman Islands,"$297,902",2008
Lagoon,420,41,Caribbean,Cayman Islands,"$297,560",2008
Lagoon,420,41,Europe,Greece,"$358,335",2008
Lagoon,420,41,Europe,Greece,"$358,056",2008
Lagoon,420,41,Europe,France,"$338,900",2008
Lagoon,420,41,Europe,France,"$338,636",2008
Lagoon,420,41,Europe,France,"$338,028",2008
Lagoon,420,41,Europe,France,"$337,640",2008
Lagoon,420,41,Europe,Spain,"$327,968",2008
Lagoon,420,41,Europe,Spain,"$327,712",2008
Lagoon,420,41,Europe,Greece,"$303,982",2008
Lagoon,420,41,Europe,Greece,"$303,633",2008
Lagoon,420,41,USA,Florida,"$396,000",2008
Lagoon,420,41,USA,Maryland,"$389,900",2008
Lagoon,420,41,USA,Florida,"$375,000",2008
Lagoon,440,42,Europe,Italy,"$303,982",2008
Lagoon,440,42,Europe,Italy,"$297,902",2008
Manta,42 MK IV,42,USA,Florida,"$270,000",2008
Manta,42 MK IV,42,USA,Florida,"$270,000",2008
Fountaine Pajot,Orana 44,43,Caribbean,Saint-Martin,"$390,827",2008
Fountaine Pajot,Orana 44,43,Caribbean,Guatemala,"$339,000",2008
Fountaine Pajot,Orana 44,43,Caribbean,Martinique,"$309,860",2008
Fountaine Pajot,Orana 44,43,Caribbean,Martinique,"$309,506",2008
Fountaine Pajot,Orana 44,43,Europe,France,"$338,636",2008
Fountaine Pajot,Orana 44,43,Europe,Greece,"$328,300",2008
Fountaine Pajot,Orana 44,43,Europe,Greece,"$328,300",2008
Fountaine Pajot,Orana 44,43,Europe,Greece,"$327,968",2008
Fountaine Pajot,Orana 44,43,Europe,Turkey,"$285,231",2008
Fountaine Pajot,Orana 44,43,Europe,Turkey,"$261,424",2008
Nautitech,44,44,Europe,Greece,"$312,493",2008
Lagoon,440,44.6,Caribbean,Guadeloupe,"$400,537",2008
Lagoon,440,44.6,Caribbean,Guadeloupe,"$363,194",2008
Lagoon,440,44.6,Caribbean,Guadeloupe,"$362,911",2008
Lagoon,440,44.6,Caribbean,Dominican Republic,"$325,000",2008
Lagoon,440,44.6,Caribbean,Mexico,"$303,674",2008
Lagoon,440,44.6,Caribbean,Mexico,"$303,437",2008
Lagoon,440,44.6,Europe,Spain,"$431,327",2008
Lagoon,440,44.6,Europe,Spain,"$430,881",2008
Lagoon,440,44.6,Europe,Italy,"$388,400",2008
Lagoon,440,44.6,Europe,Turkey,"$388,400",2008
Lagoon,440,44.6,Europe,Italy,"$388,400",2008
Lagoon,440,44.6,Europe,France,"$376,652",2008
Lagoon,440,44.6,Europe,France,"$376,262",2008
Lagoon,440,44.6,Europe,Turkey,"$346,276",2008
Lagoon,440,44.6,Europe,Turkey,"$345,919",2008
Lagoon,440,44.6,Europe,Turkey,"$334,126",2008
Lagoon,440,44.6,Europe,Turkey,"$333,781",2008
Lagoon,440,44.6,Europe,Croatia,"$313,471",2008
Lagoon,440,44.6,Europe,Croatia,"$313,147",2008
Lagoon,440,44.6,USA,Maryland,"$359,000",2008
Leopard,46,46,Caribbean,Martinique,"$299,000",2008
Leopard,46,46,USA,Florida,"$449,000",2008
Leopard,46,46,USA,Florida,"$385,000",2008
Privilege,495,47,Caribbean,Martinique,"$449,893",2008
Privilege,495,47,Caribbean,Martinique,"$449,602",2008
Privilege,495,47,Caribbean,Martinique,"$386,665",2008
Privilege,495,47,Caribbean,Martinique,"$386,414",2008
Leopard,47,47,Caribbean,British Virgin Islands,"$115,000",2008
Fountaine Pajot,Salina 48,47,Europe,Greece,"$503,706",2008
Fountaine Pajot,Salina 48,47,Europe,Italy,"$418,744",2008
Fountaine Pajot,Salina 48,47,Europe,Greece,"$376,556",2008
Fountaine Pajot,Salina 48,47,Europe,Greece,"$376,262",2008
Fountaine Pajot,Salina 48,47,Europe,Greece,"$346,188",2008
Fountaine Pajot,Salina 48,47,Europe,Greece,"$345,919",2008
Nautitech,47,47,Europe,Greece,"$339,850",2008
Fountaine Pajot,Salina 48,47,Europe,Greece,"$333,781",2008
Nautitech,47,47,Europe,Greece,"$318,002",2008
Nautitech,47,47,Europe,Greece,"$309,506",2008
Voyage Yachts,500,50,Caribbean,British Virgin Islands,"$479,000",2008
Voyage Yachts,500,50,Caribbean,British Virgin Islands,"$465,000",2008
Catana,50,50,Europe,France,"$709,342",2008
Voyage Yachts,500,50,USA,Florida,"$365,000",2008
Lagoon,500,51,Caribbean,Martinique,"$553,247",2008
Lagoon,500,51,Europe,Italy,"$667,562",2008
Lagoon,500,51,Europe,Greece,"$606,875",2008
Lagoon,500,51,Europe,Portugal,"$546,613",2008
Lagoon,500,51,Europe,Portugal,"$545,648",2008
Lagoon,500,51,Europe,Lagos,"$521,397",2008
Lagoon,500,51,Europe,Italy,"$412,997",2008
Lagoon,500,51,Europe,Italy,"$412,675",2008
Lagoon,500,51,Europe,Italy,"$411,782",2008
Lagoon,500,51,Europe,Italy,"$411,461",2008
Catana,50,53,Europe,Spain,"$632,282",2008
Fountaine Pajot,Lavezzi 40,39,Caribbean,Guadeloupe,"$205,124",2009
Nautitech,40.2,39,Caribbean,Martinique,"$194,422",2009
Nautitech,40.2,39,Caribbean,Martinique,"$194,200",2009
Fountaine Pajot,Lipari 41,40,Caribbean,Belize,"$194,008",2009
Lagoon,420,41,USA,Florida,"$309,000",2009
Lagoon,420,41,USA,Florida,"$280,000",2009
Lagoon,420,41,USA,Florida,"$280,000",2009
Broadblue,415,42,Europe,Spain,"$364,170",2009
Broadblue,415,42,Europe,Spain,"$363,802",2009
Fountaine Pajot,Orana 44,43,Caribbean,Saint-Martin,"$329,000",2009
Fountaine Pajot,Orana 44,43,Caribbean,Antigua and Barbuda,"$327,712",2009
Fountaine Pajot,Orana 44,43,USA,Florida,"$300,000",2009
Lagoon,440,44.6,Europe,Croatia,"$435,736",2009
Lagoon,440,44.6,Europe,Croatia,"$347,755",2009
Lagoon,440,44.6,USA,Maryland,"$525,000",2009
Leopard,46,46,Europe,Italy,"$339,514",2009
Nautitech,47,47,Caribbean,Antigua and Barbuda,"$364,000",2009
Fountaine Pajot,Salina 48,47,Caribbean,Martinique,"$314,925",2009
Fountaine Pajot,Salina 48,47,Europe,Croatia,"$315,454",2009
Lagoon,500,51,Europe,Greece,"$546,187",2009
Lagoon,500,51,Europe,Greece,"$521,912",2009
Lagoon,500,51,Europe,Greece,"$503,208",2009
Lagoon,500,51,USA,Florida,"$425,000",2009
Leopard,38,37.5,Caribbean,British Virgin Islands,"$185,000",2010
Seawind,1160,38,USA,Florida,"$329,950",2010
Fountaine Pajot,Lipari 41,39,Caribbean,Martinique,"$297,709",2010
Fountaine Pajot,Lipari 41,39,Caribbean,Martinique,"$297,369",2010
Lagoon,400 Owners Version,39,Caribbean,Belize,"$285,000",2010
Lagoon,400,39,Caribbean,Netherlands Antilles,"$275,000",2010
Lagoon,400,39,Caribbean,British Virgin Islands,"$195,000",2010
Lagoon,400,39,Europe,Turkey,"$279,380",2010
Lagoon,400,39,Europe,Turkey,"$279,162",2010
Fountaine Pajot,Lipari 41,39,Europe,Portugal,"$278,887",2010
Lagoon,400,39,Europe,Greece,"$267,233",2010
Lagoon,400,39,Europe,Greece,"$267,025",2010
Fountaine Pajot,Lipari 41,39,Europe,France,"$218,882",2010
Lagoon,400,39,Europe,Croatia,"$217,486",2010
Lagoon,400,39,Europe,Croatia,"$217,261",2010
Fountaine Pajot,Lavezzi 40,39,Europe,France,"$205,506",2010
Fountaine Pajot,Lavezzi 40,39,Europe,France,"$205,284",2010
Lagoon,421,42,Europe,Turkey,"$437,734",2010
Lagoon,421,42,Europe,Italy,"$327,968",2010
Lagoon,421,42,Europe,Italy,"$327,712",2010
Lagoon,421,42,Europe,Greece,"$285,231",2010
Fountaine Pajot,Orana 44,43,USA,Florida,"$390,000",2010
Nautitech,441,44,Caribbean,Martinique,"$346,188",2010
Nautitech,441,44,Caribbean,Martinique,"$345,919",2010
Nautitech,441,44,Caribbean,Martinique,"$291,527",2010
Nautitech,441,44,Caribbean,Martinique,"$291,300",2010
Nautitech,441,44,Caribbean,Martinique,"$282,000",2010
Nautitech,441,44,Caribbean,Guadeloupe,"$269,724",2010
Nautitech,442 Owners Version,44,Europe,Croatia,"$437,734",2010
Nautitech,442 Owners Version,44,Europe,Croatia,"$437,231",2010
Antares,44i,44,USA,Florida,"$525,000",2010
Antares,44i,44,USA,Florida,"$495,000",2010
Lagoon,440,44.6,Caribbean,Guadeloupe,"$380,000",2010
Lagoon,440,44.6,Caribbean,Saint-Martin,"$345,000",2010
Lagoon,440,44.6,Caribbean,Sint Maarten (Dutch part),"$345,000",2010
Lagoon,440,44.6,Europe,Spain,"$424,812",2010
Lagoon,440,45.8,Europe,France,"$479,431",2010
Leopard,46,46,Caribbean,Saint-Martin,"$415,000",2010
Leopard,46,46,Caribbean,Grenada,"$335,000",2010
Catana,47,47,Caribbean,Martinique,"$546,813",2010
Catana,47,47,Caribbean,Martinique,"$545,648",2010
Chris White,Atlantic 48,48.7,USA,Washington,"$565,000",2010
Outremer,49,49,Europe,France,"$763,449",2010
Voyage Yachts,500 Owner's Version,50,USA,Florida,"$595,000",2010
Lagoon,500,51,Europe,Croatia,"$721,467",2010
Lagoon,500,51,Europe,Turkey,"$589,128",2010
Lagoon,500,51,Europe,Turkey,"$588,087",2010
Lagoon,500,51,Europe,Croatia,"$576,531",2010
Lagoon,500,51,Europe,Croatia,"$575,961",2010
Leopard,39,37.5,USA,Florida,"$339,000",2011
Leopard,39,37.5,USA,Florida,"$339,000",2011
Lagoon,380,38,Europe,Greece,"$236,447",2011
Broadblue,385,38.7,Caribbean,Grenada,"$210,000",2011
Fountaine Pajot,Lipari 41,39,Caribbean,Martinique,"$218,725",2011
Fountaine Pajot,Lipari 41,39,Europe,Italy,"$346,563",2011
Fountaine Pajot,Lipari 41,39,Europe,Malta,"$302,787",2011
Fountaine Pajot,Lipari 41,39,Europe,Turkey,"$267,522",2011
Fountaine Pajot,Lipari 41,39,Europe,Turkey,"$266,761",2011
Fountaine Pajot,Lipari 41,39,Europe,Turkey,"$266,761",2011
Lagoon,400,39,Europe,Croatia,"$264,804",2011
Lagoon,400,39,Europe,Croatia,"$264,597",2011
Lagoon,400,39,Europe,Croatia,"$217,486",2011
Lagoon,400,39,Europe,Croatia,"$217,261",2011
Lagoon,400,39,Europe,Croatia,"$206,095",2011
Fountaine Pajot,Lipari 41,39,Europe,Croatia,"$194,562",2011
Fountaine Pajot,Lipari 41,39,Europe,Croatia,"$169,026",2011
Lagoon,421,42,Europe,Portugal,"$333,781",2011
Lagoon,421,42,Europe,Italy,"$297,902",2011
Leopard,44,42.5,Caribbean,U.S. Virgin Islands,"$339,000",2011
Leopard,44,42.5,Caribbean,Saint Kitts and Nevis,"$339,000",2011
Leopard,44,42.5,Caribbean,U.S. Virgin Islands,"$339,000",2011
Leopard,44,42.5,Caribbean,Saint Kitts and Nevis,"$339,000",2011
Lagoon,42 Owners Version,42.5,Europe,Portugal,"$325,000",2011
Lagoon,42 Owners Version,42.5,Europe,Portugal,"$325,000",2011
Leopard,44,42.5,USA,Florida,"$459,000",2011
Leopard,44,42.5,USA,Florida,"$459,000",2011
Fountaine Pajot,Orana 44,43,Europe,Turkey,"$339,850",2011
Nautitech,441,44,Caribbean,Martinique,"$279,162",2011
Nautitech,441,44,Caribbean,Guadeloupe,"$255,086",2011
Nautitech,441,44,Caribbean,Guadeloupe,"$254,887",2011
Lagoon,450,45.8,Caribbean,U.S. Virgin Islands,"$475,000",2011
Lagoon,450,45.8,Europe,France,"$533,522",2011
Lagoon,450,45.8,Europe,Greece,"$516,246",2011
Lagoon,450,45.8,Europe,Greece,"$515,844",2011
Lagoon,450,45.8,Europe,France,"$510,725",2011
Lagoon,450,45.8,Europe,France,"$510,302",2011
Lagoon,450,45.8,Europe,France,"$510,172",2011
Lagoon,450,45.8,Europe,Malta,"$479,431",2011
Lagoon,450,45.8,Europe,Greece,"$472,895",2011
Lagoon,450F,45.8,Europe,Turkey,"$462,084",2011
Lagoon,450,45.8,Europe,Greece,"$448,644",2011
Lagoon,450,45.8,Europe,Greece,"$407,335",2011
Lagoon,450,45.8,Europe,Italy,"$389,097",2011
Lagoon,450F,45.8,USA,Florida,"$499,000",2011
Lagoon,450F,45.8,USA,Florida,"$499,000",2011
Leopard,46,46,Caribbean,British Virgin Islands,"$126,000",2011
Leopard,46,46,USA,Florida,"$480,000",2011
Fountaine Pajot,Salina 48,47,Caribbean,Panama,"$450,000",2011
Outremer,49,49,Caribbean,Grenada,"$601,884",2011
Outremer,49,49,Europe,France,"$812,664",2011
Outremer,49,49,Europe,France,"$811,999",2011
Lagoon,500,51,Caribbean,U.S. Virgin Islands,"$499,000",2011
Lagoon,500,51,Caribbean,U.S. Virgin Islands,"$443,813",2011
Lagoon,380,38,USA,New York,"$292,000",2012
Lagoon,39,38.4,Europe,Italy,"$310,061",2012
Fountaine Pajot,Lipari 41,39,Caribbean,Guatemala,"$315,000",2012
Lagoon,400,39,Caribbean,Martinique,"$241,298",2012
Lagoon,400,39,Caribbean,Martinique,"$237,000",2012
Lagoon,400,39,Caribbean,Martinique,"$234,000",2012
Lagoon,400,39,Europe,Portugal,"$315,575",2012
Lagoon,400,39,Europe,Greece,"$291,300",2012
Lagoon,400,39,Europe,Greece,"$279,162",2012
Lagoon,400,39,Europe,Croatia,"$241,786",2012
Lagoon,400,39,Europe,Croatia,"$241,536",2012
Lagoon,400,39,Europe,Croatia,"$241,536",2012
Lagoon,400,39,Europe,Sweden,"$236,681",2012
Alliaura,Feeling 39 DI,39,Europe,Netherlands,"$229,578",2012
Lagoon,400,39,Europe,Croatia,"$218,639",2012
Lagoon,421,41,Europe,Italy,"$369,828",2012
Leopard,44,42.5,Caribbean,British Virgin Islands,"$350,000",2012
Leopard,44,42.5,Caribbean,British Virgin Islands,"$350,000",2012
Leopard,44,42.5,Caribbean,British Virgin Islands,"$315,000",2012
Leopard,44,42.5,Europe,Greece,"$273,094",2012
Fountaine Pajot,Helia 44,43.6,Europe,France,"$520,699",2012
Fountaine Pajot,Helia 44,43.6,Europe,Greece,"$449,893",2012
Fountaine Pajot,Helia 44,43.6,Europe,Greece,"$449,438",2012
Antares,44i,44,USA,Florida,"$749,000",2012
Lagoon,450,45.8,Caribbean,Martinique,"$442,581",2012
Lagoon,450F,45.8,Caribbean,Martinique,"$435,736",2012
Lagoon,450,45.8,Caribbean,Martinique,"$435,020",2012
Lagoon,450,45.8,Caribbean,Martinique,"$434,093",2012
Lagoon,450,45.8,Caribbean,Belize,"$400,142",2012
Lagoon,450,45.8,Europe,Italy,"$486,371",2012
Lagoon,450,45.8,Europe,Greece,"$486,249",2012
Lagoon,450,45.8,Europe,Italy,"$474,211",2012
Lagoon,450,45.8,Europe,Italy,"$473,362",2012
Lagoon,450,45.8,Europe,France,"$472,895",2012
Lagoon,450,45.8,Europe,Italy,"$449,438",2012
Lagoon,450,45.8,Europe,Italy,"$449,087",2012
Lagoon,450,45.8,Europe,Italy,"$448,644",2012
Lagoon,450,45.8,Europe,France,"$411,782",2012
Lagoon,450,45.8,Europe,France,"$411,461",2012
Lagoon,450,45.8,Europe,Greece,"$400,850",2012
Lagoon,450,45.8,Europe,Greece,"$400,537",2012
Lagoon,450,45.8,Europe,Croatia,"$398,420",2012
Lagoon,450,45.8,Europe,Croatia,"$398,420",2012
Lagoon,450,45.8,Europe,Croatia,"$398,110",2012
Lagoon,450,45.8,Europe,Croatia,"$397,717",2012
Lagoon,450,45.8,Europe,Greece,"$388,802",2012
Lagoon,450,45.8,Europe,Greece,"$388,016",2012
Lagoon,450,45.8,Europe,Italy,"$376,937",2012
Lagoon,450,45.8,Europe,Italy,"$376,937",2012
Lagoon,450,45.8,Europe,Italy,"$376,556",2012
Lagoon,450,45.8,Europe,Croatia,"$364,778",2012
Lagoon,450,45.8,Europe,Croatia,"$364,501",2012
Lagoon,450,45.8,Europe,Croatia,"$363,587",2012
Lagoon,450,45.8,Europe,Croatia,"$362,911",2012
Lagoon,450,45.8,Europe,Croatia,"$339,267",2012
Lagoon,450,45.8,Europe,Croatia,"$338,302",2012
Lagoon,450,45.8,USA,Florida,"$459,950",2012
Fountaine Pajot,Salina 48,47,Caribbean,Panama,"$249,000",2012
Fountaine Pajot,Salina 48,47,Europe,France,"$358,056",2012
Lagoon,500,51,Caribbean,Antigua and Barbuda,"$499,000",2012
Lagoon,500,51,Caribbean,Puerto Rico,"$499,000",2012
Lagoon,500,51,Caribbean,Netherlands Antilles,"$465,000",2012
Voyage Yachts,Voyage 520 DC,52,Caribbean,Barbados,"$675,000",2012
Nautitech,542,53.5,Europe,Spain,"$790,352",2012
Leopard,39,37.5,Europe,Turkey,"$364,424",2013
Leopard,39,37.5,Europe,Turkey,"$364,125",2013
Lagoon,39,38.4,Europe,Cyprus,"$303,982",2013
Lagoon,39,38.4,Europe,Cyprus,"$303,437",2013
Lagoon,39,38.4,Europe,Italy,"$297,369",2013
Lagoon,400 S2,39,Caribbean,Martinique,"$285,558",2013
Lagoon,400,39,Caribbean,Guadeloupe,"$278,887",2013
Lagoon,400,39,Caribbean,British Virgin Islands,"$240,000",2013
Lagoon,400,39,Europe,Italy,"$388,400",2013
Lagoon,400,39,Europe,Italy,"$388,400",2013
Fountaine Pajot,Lipari 41,39,Europe,Croatia,"$342,763",2013
Lagoon,400 S2,39,Europe,Croatia,"$340,115",2013
Lagoon,400,39,Europe,Croatia,"$339,850",2013
Fountaine Pajot,Lipari 41,39,Europe,France,"$328,323",2013
Lagoon,400,39,Europe,Greece,"$321,895",2013
Lagoon,400,39,Europe,Greece,"$321,644",2013
Lagoon,400 S2,39,Europe,Croatia,"$267,197",2013
Lagoon,400,39,Europe,Croatia,"$267,025",2013
Lagoon,400,39,Europe,Croatia,"$267,025",2013
Fountaine Pajot,Lipari 41,39,Europe,Croatia,"$265,811",2013
Lagoon,400,39,Europe,Croatia,"$242,507",2013
Dolphin Ocema,Ocema 42,41,Europe,Portugal,"$273,584",2013
Lagoon,421,42,Europe,Greece,"$423,599",2013
Lagoon,421,42,Europe,Turkey,"$380,579",2013
Dolphin Ocema,Ocema 42,42,Europe,Portugal,"$229,900",2013
Leopard,44,42.5,Europe,Greece,"$302,766",2013
Leopard,44,42.5,Europe,Greece,"$290,606",2013
Fountaine Pajot,Helia 44,43.6,Caribbean,Martinique,"$362,911",2013
Fountaine Pajot,Helia 44,43.6,Europe,Italy,"$534,050",2013
Fountaine Pajot,Helia 44,43.6,Europe,Greece,"$479,824",2013
Fountaine Pajot,Helia 44,43.6,Europe,Greece,"$443,382",2013
Fountaine Pajot,Helia 44,43.6,Europe,Greece,"$443,019",2013
Lagoon,450,44.6,Europe,Greece,"$424,206",2013
Lagoon,450,45.8,Caribbean,Panama,"$540,000",2013
Lagoon,450,45.8,Caribbean,British Virgin Islands,"$450,000",2013
Lagoon,450F,45.8,Caribbean,British Virgin Islands,"$449,000",2013
Lagoon,450F,45.8,Caribbean,Martinique,"$435,306",2013
Lagoon,450,45.8,Caribbean,Bahamas,"$369,000",2013
Lagoon,450,45.8,Caribbean,Martinique,"$358,056",2013
Lagoon,450F,45.8,Caribbean,Martinique,"$347,000",2013
Lagoon,450,45.8,Caribbean,Martinique,"$345,000",2013
Lagoon,450,45.8,Caribbean,Martinique,"$345,000",2013
Lagoon,450F,45.8,Europe,Croatia,"$618,603",2013
Lagoon,450,45.8,Europe,Turkey,"$534,050",2013
Lagoon,450,45.8,Europe,Greece,"$528,393",2013
Lagoon,450,45.8,Europe,Greece,"$527,981",2013
Lagoon,450,45.8,Europe,Turkey,"$521,105",2013
Lagoon,450,45.8,Europe,Turkey,"$520,184",2013
Lagoon,450,45.8,Europe,Spain,"$516,246",2013
Lagoon,450,45.8,Europe,Spain,"$515,844",2013
Lagoon,450 Owners Version,45.8,Europe,Greece,"$504,610",2013
Lagoon,450F,45.8,Europe,France,"$462,084",2013
Lagoon,450,45.8,Europe,Italy,"$461,702",2013
Lagoon,450,45.8,Europe,Croatia,"$445,907",2013
Lagoon,450,45.8,Europe,Croatia,"$445,006",2013
Lagoon,450,45.8,Europe,Greece,"$424,536",2013
Lagoon,450,45.8,Europe,Greece,"$419,177",2013
Lagoon,450,45.8,Europe,Greece,"$418,330",2013
Lagoon,450,45.8,Europe,France,"$400,850",2013
Lagoon,450,45.8,Europe,Croatia,"$400,850",2013
Lagoon,450,45.8,Europe,France,"$400,537",2013
Lagoon,450,45.8,Europe,Croatia,"$400,537",2013
Lagoon,450,45.8,Europe,Greece,"$383,017",2013
Lagoon,450,45.8,Europe,Greece,"$382,727",2013
Lagoon,450,45.8,Europe,Croatia,"$376,556",2013
Lagoon,450,45.8,Europe,Croatia,"$376,262",2013
Lagoon,450,45.8,USA,Florida,"$510,000",2013
Fountaine Pajot,Salina 48,47,Europe,France,"$473,732",2013
Fountaine Pajot,Salina 48,47,Europe,France,"$473,362",2013
Fountaine Pajot,Salina 48,47,Europe,France,"$473,362",2013
Leopard,48,48,Caribbean,British Virgin Islands,"$479,000",2013
Leopard,48,48,Caribbean,British Virgin Islands,"$449,000",2013
Leopard,48,48,Caribbean,British Virgin Islands,"$449,000",2013
Leopard,48,48,Caribbean,British Virgin Islands,"$419,000",2013
Lagoon,52,52,Caribbean,Martinique,"$838,446",2013
Lagoon,52,52,Caribbean,Martinique,"$836,660",2013
Lagoon,52F,52,Europe,Greece,"$947,207",2013
Lagoon,52F,52,Europe,Greece,"$946,725",2013
Lagoon,52,52,Europe,Greece,"$851,149",2013
Lagoon,52,52,Europe,Croatia,"$802,512",2013
Lagoon,52,52,Europe,Croatia,"$802,512",2013
Lagoon,52F,52,Europe,Greece,"$789,136",2013
Lagoon,52,52,USA,Florida,"$759,000",2013
Nautitech,542,53.5,Caribbean,Saint-Martin,"$795,000",2013
Leopard,39,37.5,Caribbean,Belize,"$245,000",2014
Leopard,39,37.5,Caribbean,British Virgin Islands,"$110,000",2014
Leopard,39,37.5,Caribbean,British Virgin Islands,"$105,000",2014
Lagoon,380 Owners Version,38,Caribbean,Grenada,"$303,138",2014
Lagoon,380,38,Caribbean,Martinique,"$255,984",2014
Lagoon,380,38,Caribbean,British Virgin Islands,"$229,000",2014
Lagoon,380 S2,38,Caribbean,Martinique,"$218,725",2014
Lagoon,380,38,Caribbean,Martinique,"$218,259",2014
Lagoon,380,38,Caribbean,Martinique,"$217,261",2014
Lagoon,39,38,USA,Florida,"$264,000",2014
Lagoon,39,38.4,Europe,Greece,"$388,554",2014
Lagoon,39,38.4,Europe,France,"$334,042",2014
Lagoon,39,38.4,Europe,Portugal,"$327,968",2014
Lagoon,39,38.4,Europe,Portugal,"$327,712",2014
Lagoon,39,38.4,Europe,Turkey,"$315,263",2014
Lagoon,39,38.4,Europe,Croatia,"$260,208",2014
Lagoon,39,38.4,Europe,Spain,"$241,536",2014
Fountaine Pajot,Lipari 41,39,Caribbean,Grenada,"$345,000",2014
Lagoon,400,39,Caribbean,Guadeloupe,"$269,000",2014
Fountaine Pajot,Lipari 41,39,Caribbean,Martinique,"$235,251",2014
Fountaine Pajot,Lipari 41,39,Caribbean,Martinique,"$234,982",2014
Lagoon,400,39,Europe,Greece,"$361,697",2014
Lagoon,400,39,Europe,Greece,"$358,056",2014
Lagoon,400 S2,39,Europe,Greece,"$333,996",2014
Lagoon,400,39,Europe,Greece,"$333,781",2014
Lagoon,400,39,Europe,Greece,"$333,781",2014
Lagoon,400 S2,39,Europe,Greece,"$327,923",2014
Lagoon,400 S2,39,Europe,Greece,"$327,923",2014
Lagoon,400 S2,39,Europe,Malta,"$327,923",2014
Lagoon,400 S2,39,Europe,Greece,"$327,923",2014
Lagoon,400 S2,39,Europe,Greece,"$327,923",2014
Lagoon,400,39,Europe,Greece,"$327,712",2014
Lagoon,400,39,Europe,Greece,"$327,712",2014
Lagoon,400,39,Europe,Malta,"$327,712",2014
Lagoon,400,39,Europe,Greece,"$327,712",2014
Lagoon,400,39,Europe,Greece,"$327,712",2014
Lagoon,400,39,Europe,Greece,"$327,712",2014
Lagoon,400,39,Europe,France,"$321,644",2014
Lagoon,400 S2,39,Europe,France,"$315,778",2014
Lagoon,400 S2,39,Europe,France,"$315,778",2014
Lagoon,400,39,Europe,France,"$315,575",2014
Lagoon,400,39,Europe,France,"$315,575",2014
Lagoon,400,39,Europe,France,"$315,575",2014
Lagoon,400,39,Europe,Greece,"$309,506",2014
Fountaine Pajot,Lipari 41,39,Europe,Italy,"$267,522",2014
Nautitech,40 Open,39.5,Caribbean,Guadeloupe,"$291,300",2014
Lagoon,421,42,Caribbean,Mexico,"$440,000",2014
Lagoon,421,42,Europe,Greece,"$352,619",2014
Lagoon,421,42,Europe,Greece,"$352,214",2014
Lagoon,421,42,Europe,Greece,"$320,000",2014
Lagoon,421,42,Europe,Greece,"$320,000",2014
Leopard,44,42.5,Europe,Croatia,"$363,145",2014
Leopard,44,42.5,Europe,Croatia,"$362,911",2014
Leopard,44,42.5,Europe,Greece,"$314,925",2014
Fountaine Pajot,Helia 44,43.6,USA,Florida,"$535,000",2014
Lagoon,450,44.6,Europe,Italy,"$424,812",2014
Lagoon,450F,45.8,Caribbean,British Virgin Islands,"$469,000",2014
Lagoon,450,45.8,Caribbean,Antigua and Barbuda,"$449,000",2014
Lagoon,450F,45.8,Caribbean,Martinique,"$400,866",2014
Lagoon,450F,45.8,Caribbean,Martinique,"$400,537",2014
Lagoon,450,45.8,Caribbean,Martinique,"$400,142",2014
Lagoon,450F,45.8,Caribbean,Martinique,"$400,142",2014
Lagoon,450,45.8,Caribbean,British Virgin Islands,"$400,142",2014
Lagoon,450F,45.8,Caribbean,Guadeloupe,"$399,324",2014
Lagoon,450,45.8,Europe,Greece,"$557,773",2014
Lagoon,450,45.8,Europe,Greece,"$557,773",2014
Lagoon,450,45.8,Europe,Croatia,"$546,539",2014
Lagoon,450,45.8,Europe,Croatia,"$545,648",2014
Lagoon,450,45.8,Europe,Greece,"$522,319",2014
Lagoon,450,45.8,Europe,Greece,"$521,397",2014
Lagoon,450,45.8,Europe,France,"$518,675",2014
Lagoon,450,45.8,Europe,France,"$517,759",2014
Lagoon,450F,45.8,Europe,Greece,"$510,689",2014
Lagoon,450F,45.8,Europe,Greece,"$510,302",2014
Lagoon,450,45.8,Europe,Greece,"$498,530",2014
Lagoon,450,45.8,Europe,Greece,"$497,146",2014
Lagoon,450,45.8,Europe,Croatia,"$484,598",2014
Lagoon,450,45.8,Europe,Croatia,"$483,808",2014
Lagoon,450,45.8,Europe,Croatia,"$472,420",2014
Lagoon,450,45.8,Europe,Croatia,"$472,029",2014
Lagoon,450,45.8,Europe,Turkey,"$462,000",2014
Lagoon,450,45.8,Europe,Italy,"$424,393",2014
Lagoon,450 Owners Version,45.8,USA,Florida,"$499,000",2014
Fountaine Pajot,Salina 48 Evolution,47,Caribbean,Martinique,"$565,040",2014
Fountaine Pajot,Salina 48,47,Caribbean,Martinique,"$563,836",2014
Fountaine Pajot,Salina 48,47,USA,Florida,"$485,000",2014
Leopard,48,48,Caribbean,British Virgin Islands,"$455,000",2014
Leopard,48,48,Caribbean,British Virgin Islands,"$449,000",2014
Leopard,48,48,Caribbean,British Virgin Islands,"$429,000",2014
Leopard,48 Crewed Version,48,Caribbean,British Virgin Islands,"$400,000",2014
Leopard,48,48,Europe,Croatia,"$472,149",2014
Leopard,48,48,Europe,Croatia,"$472,149",2014
Fountaine Pajot,SABA 50,49,Caribbean,Martinique,"$589,724",2014
Fountaine Pajot,SABA 50,49,Caribbean,Guadeloupe,"$571,486",2014
Lagoon,52F,52,Europe,Greece,"$1,033,538",2014
Lagoon,52,52,Europe,Croatia,"$1,003,140",2014
Lagoon,52,52,Europe,Croatia,"$1,003,140",2014
Lagoon,52,52,Europe,Italy,"$997,060",2014
Lagoon,52,52,Europe,Turkey,"$972,741",2014
Lagoon,52,52,Europe,France,"$972,741",2014
Lagoon,52,52,Europe,Croatia,"$753,875",2014
Lagoon,52,52,USA,Texas,"$799,000",2014
Nautitech,542,53.5,Europe,Italy,"$1,185,529",2014
Privilege,Series 5,56,Caribbean,Grenada,"$899,000",2014
Leopard,39,37.5,Europe,Croatia,"$265,549",2015
Lagoon,380,38,Caribbean,Martinique,"$218,259",2015
Lagoon,380,38,Europe,Italy,"$242,510",2015
Lagoon,380,38,Europe,Croatia,"$220,078",2015
Lagoon,39,38.4,Caribbean,Martinique,"$333,556",2015
Lagoon,39,38.4,Caribbean,Martinique,"$333,174",2015
Lagoon,39,38.4,Caribbean,Martinique,"$267,025",2015
Lagoon,39,38.4,Caribbean,Guadeloupe,"$265,811",2015
Lagoon,39,38.4,Europe,Turkey,"$401,256",2015
Lagoon,39,38.4,Europe,Spain,"$334,380",2015
Lagoon,39,38.4,Europe,France,"$327,389",2015
Lagoon,39,38.4,Europe,France,"$303,982",2015
Lagoon,39,38.4,Europe,Greece,"$303,982",2015
Lagoon,39,38.4,Europe,France,"$303,437",2015
Lagoon,39,38.4,Europe,Turkey,"$279,663",2015
Lagoon,39,38.4,Europe,France,"$279,380",2015
Lagoon,39,38.4,Europe,France,"$279,162",2015
Fountaine Pajot,Lipari 41,39,Caribbean,Martinique,"$267,025",2015
Leopard,Sunsail 404,39,Caribbean,British Virgin Islands,"$95,000",2015
Lagoon,400,39,Europe,Croatia,"$338,636",2015
Lagoon,400,39,Europe,Greece,"$310,083",2015
Lagoon,400,39,Europe,Italy,"$303,674",2015
Lagoon,400,39,Europe,Italy,"$303,674",2015
Lagoon,400,39,Europe,Italy,"$303,437",2015
Lagoon,400,39,Europe,Italy,"$303,437",2015
Nautitech,40 Open,39.5,Europe,Greece,"$418,744",2015
Nautitech,40 Open,39.5,Europe,France,"$388,400",2015
Nautitech,40 Open,39.5,Europe,Spain,"$382,210",2015
Nautitech,Open 40,39.5,Europe,Spain,"$364,424",2015
Nautitech,40 Open,39.5,Europe,Spain,"$363,765",2015
Nautitech,40 Open,39.5,Europe,France,"$352,214",2015
Nautitech,40 Open,39.5,Europe,France,"$351,987",2015
Nautitech,40 Open,39.5,Europe,Croatia,"$315,575",2015
Bali,4,40,Europe,France,"$425,604",2015
Bali,4,40,Europe,France,"$425,144",2015
Seawind,1250,41,Caribbean,Mexico,"$455,000",2015
Lagoon,421,42,Caribbean,Martinique,"$363,562",2015
Lagoon,421,42,Caribbean,Martinique,"$363,145",2015
Lagoon,421,42,Caribbean,Belize,"$340,459",2015
Lagoon,421,42,Caribbean,Belize,"$340,069",2015
Bali,4.3,42,Europe,Spain,"$455,973",2015
Leopard,44,42.5,Caribbean,Belize,"$359,000",2015
Leopard,44,42.5,Caribbean,British Virgin Islands,"$349,000",2015
Leopard,44,42.5,Caribbean,Bahamas,"$339,999",2015
Leopard,44,42.5,Caribbean,British Virgin Islands,"$339,000",2015
Leopard,44,42.5,Caribbean,British Virgin Islands,"$339,000",2015
Leopard,44,42.5,Caribbean,British Virgin Islands,"$329,000",2015
Leopard,44,42.5,Caribbean,British Virgin Islands,"$329,000",2015
Leopard,44,42.5,Europe,Greece,"$338,636",2015
Leopard,44,42.5,USA,Florida,"$569,000",2015
Leopard,44,42.5,USA,Florida,"$569,000",2015
Leopard,44,42.5,USA,Florida,"$567,000",2015
Leopard,44,42.5,USA,Florida,"$567,000",2015
Bali,4.3,43,Europe,Turkey,"$519,000",2015
Bali,4.3,43,Europe,Spain,"$455,449",2015
Bali,4.3,43,USA,Florida,"$449,000",2015
Fountaine Pajot,Helia 44,43.6,Caribbean,Grenada,"$559,900",2015
Fountaine Pajot,Helia 44,43.6,Caribbean,Martinique,"$473,362",2015
Fountaine Pajot,Helia 44,43.6,Caribbean,Martinique,"$443,526",2015
Fountaine Pajot,Helia 44,43.6,Caribbean,Martinique,"$443,019",2015
Fountaine Pajot,Helia 44 Maestro,43.6,Europe,Netherlands,"$544,974",2015
Fountaine Pajot,Helia 44,43.6,Europe,Italy,"$510,689",2015
Fountaine Pajot,Helia 44,43.6,Europe,France,"$510,689",2015
Fountaine Pajot,Helia 44,43.6,Europe,Italy,"$509,775",2015
Fountaine Pajot,Helia 44,43.6,Europe,Bulgaria,"$484,286",2015
Fountaine Pajot,Helia 44,43.6,Europe,Spain,"$480,291",2015
Fountaine Pajot,Helia 44,43.6,Europe,Spain,"$479,310",2015
Bali,4.5,44.6,Europe,France,"$510,689",2015
Bali,4.5,44.6,Europe,Greece,"$455,973",2015
Bali,4.5,44.6,Europe,Greece,"$455,627",2015
Bali,4.5,44.6,Europe,Greece,"$454,706",2015
Outremer,45,45,Europe,France,"$825,350",2015
Lagoon,450,45.8,Caribbean,Grenada,"$499,000",2015
Lagoon,450,45.8,Caribbean,British Virgin Islands,"$495,000",2015
Lagoon,450,45.8,Caribbean,Netherlands Antilles,"$480,000",2015
Lagoon,450,45.8,Caribbean,Guadeloupe,"$437,308",2015
Lagoon,450,45.8,Caribbean,Guadeloupe,"$436,950",2015
Lagoon,450,45.8,Caribbean,Martinique,"$400,142",2015
Lagoon,450,45.8,Europe,Croatia,"$557,470",2015
Lagoon,450,45.8,Europe,Croatia,"$556,561",2015
Lagoon,450,45.8,Europe,Greece,"$546,539",2015
Lagoon,450,45.8,Europe,Greece,"$545,648",2015
Lagoon,450,45.8,Europe,Greece,"$522,848",2015
Lagoon,450,45.8,Europe,Croatia,"$516,769",2015
Lagoon,450S,45.8,Europe,France,"$516,769",2015
Lagoon,450s,45.8,Europe,France,"$516,246",2015
Lagoon,450S,45.8,Europe,France,"$515,844",2015
Lagoon,450,45.8,Europe,Greece,"$510,302",2015
Lagoon,450,45.8,Europe,Greece,"$510,103",2015
Lagoon,450,45.8,Europe,Greece,"$509,271",2015
Lagoon,450S,45.8,Europe,France,"$504,030",2015
Lagoon,450S,45.8,Europe,France,"$503,208",2015
Lagoon,450,45.8,Europe,Italy,"$486,404",2015
Lagoon,450,45.8,Europe,Italy,"$486,371",2015
Lagoon,450,45.8,Europe,Greece,"$485,879",2015
Lagoon,450,45.8,Europe,Greece,"$485,500",2015
Lagoon,450,45.8,Europe,Greece,"$483,383",2015
Lagoon,450,45.8,Europe,Greece,"$482,595",2015
Lagoon,450F,45.8,Europe,Greece,"$479,927",2015
Lagoon,450F,45.8,Europe,Greece,"$478,957",2015
Lagoon,450F,45.8,Europe,Greece,"$474,211",2015
Lagoon,450,45.8,Europe,Croatia,"$473,667",2015
Lagoon,450,45.8,Europe,Croatia,"$472,895",2015
Lagoon,450,45.8,Europe,Greece,"$465,165",2015
Lagoon,450,45.8,Europe,Greece,"$464,407",2015
Lagoon,450,45.8,Europe,Greece,"$455,973",2015
Lagoon,450,45.8,Europe,Greece,"$455,973",2015
Lagoon,450,45.8,Europe,Greece,"$455,627",2015
Lagoon,450F,45.8,Europe,Greece,"$448,677",2015
Lagoon,450,45.8,Europe,Greece,"$430,455",2015
Leopard,48,48,Caribbean,Saint Lucia,"$499,000",2015
Leopard,48,48,Caribbean,Saint Lucia,"$439,000",2015
Leopard,48,48,Caribbean,British Virgin Islands,"$149,000",2015
Leopard,48,48,Europe,Croatia,"$508,561",2015
Leopard,48,48,Europe,Greece,"$508,561",2015
Fountaine Pajot,SABA 50,49,Caribbean,Martinique,"$601,884",2015
Fountaine Pajot,SABA 50,49,Caribbean,Martinique,"$589,724",2015
Fountaine Pajot,SABA 50,49,Caribbean,Martinique,"$589,343",2015
Fountaine Pajot,SABA 50 Maestro,49,Europe,Italy,"$1,055,962",2015
Fountaine Pajot,SABA 50,49,Europe,Spain,"$910,312",2015
Fountaine Pajot,SABA 50,49,Europe,France,"$843,556",2015
Fountaine Pajot,SABA 50,49,USA,Florida,"$765,000",2015
Voyage Yachts,Voyage 480,50,Caribbean,British Virgin Islands,"$617,000",2015
Lagoon,52F,52,Caribbean,Martinique,"$836,660",2015
Lagoon,52F,52,Caribbean,Guadeloupe,"$776,032",2015
Lagoon,52F,52,Europe,Greece,"$1,100,414",2015
Lagoon,52,52,Europe,Greece,"$1,094,334",2015
Lagoon,52,52,Europe,Greece,"$1,093,227",2015
Lagoon,52,52,Europe,Greece,"$1,033,538",2015
Lagoon,52,52,Europe,Greece,"$1,033,538",2015
Lagoon,52F,52,Europe,Greece,"$1,033,538",2015
Lagoon,52F,52,Europe,Greece,"$1,032,492",2015
Lagoon,52F,52,Europe,Croatia,"$911,945",2015
Lagoon,52F,52,Europe,Croatia,"$911,022",2015
Lagoon,52,52,Europe,France,"$838,989",2015
Lagoon,52,52,Europe,France,"$838,140",2015
Lagoon,52,52,USA,California,"$949,000",2015
Privilege,Series 5,56,USA,Florida,"$1,200,000",2015
Privilege,Series 5,56,USA,Florida,"$999,000",2015
Lagoon,380,38,Caribbean,Martinique,"$210,000",2016
Lagoon,380,38,Caribbean,Netherlands Antilles,"$149,000",2016
Lagoon,39,38,USA,Florida,"$335,000",2016
Lagoon,39,38.4,Caribbean,Mexico,"$399,000",2016
Lagoon,39,38.4,Caribbean,Martinique,"$327,591",2016
Lagoon,39,38.4,Caribbean,Martinique,"$267,331",2016
Lagoon,39,38.4,Europe,Greece,"$312,493",2016
Leopard,40,39,Caribbean,Grenada,"$365,000",2016
Lagoon,400,39,Caribbean,Bahamas,"$340,000",2016
Lagoon,400 S2,39,Caribbean,Bahamas,"$340,000",2016
Leopard,40,39,Caribbean,Belize,"$329,000",2016
Leopard,40,39,Caribbean,Belize,"$329,000",2016
Leopard,40,39,Caribbean,Saint Lucia,"$319,000",2016
Leopard,40,39,Europe,Italy,"$460,769",2016
Lagoon,400,39,Europe,France,"$455,156",2016
Lagoon,400,39,Europe,France,"$454,706",2016
Lagoon,400 S2,39,Europe,Turkey,"$400,850",2016
Lagoon,400,39,Europe,Turkey,"$400,537",2016
Lagoon,400,39,Europe,Greece,"$364,125",2016
Fountaine Pajot,Lucia 40,39,Europe,Croatia,"$363,765",2016
Lagoon,400,39,Europe,Greece,"$358,056",2016
Lagoon,400 S2,39,Europe,Greece,"$327,968",2016
Lagoon,400,39,Europe,Greece,"$327,712",2016
Lagoon,400 S2,39,Europe,Croatia,"$326,753",2016
Lagoon,400,39,Europe,Croatia,"$326,499",2016
Lagoon,400 S2,39,Europe,Italy,"$315,821",2016
Lagoon,400,39,Europe,Italy,"$315,575",2016
Lagoon,400,39,Europe,Croatia,"$309,506",2016
Lagoon,400,39,USA,Florida,"$429,000",2016
Fountaine Pajot,Lucia 40,39,USA,Massachusetts,"$395,000",2016
Nautitech,40 Open,39.5,Caribbean,British Virgin Islands,"$380,000",2016
Nautitech,40 Open,39.5,Europe,Croatia,"$475,638",2016
Nautitech,40 Open,39.5,Europe,Greece,"$376,262",2016
Nautitech,40 Open,39.5,Europe,Croatia,"$345,919",2016
Nautitech,40 Open,39.5,Europe,Croatia,"$345,919",2016
Nautitech,40,39.5,Europe,Croatia,"$345,919",2016
Bali,4,40,Caribbean,Grenada,"$314,361",2016
Bali,4,40,Europe,Greece,"$395,204",2016
Bali,4,40,Europe,Greece,"$357,702",2016
Bali,4,40,Europe,Greece,"$348,995",2016
Chris White,MastFoil 40,40,USA,Florida,"$295,000",2016
Bali,4.1,41,Europe,Greece,"$388,650",2016
Bali,4.1,41,Europe,Greece,"$388,400",2016
Maine Cat,41,41.6,USA,Florida,"$499,900",2016
Bali,4.3,42,Europe,Greece,"$462,052",2016
Lagoon,421,42,Europe,Croatia,"$460,370",2016
Lagoon,421,42,Europe,Croatia,"$460,011",2016
Lagoon,42,42.5,Caribbean,Dominican Republic,"$515,334",2016
Lagoon,42,42.5,Caribbean,Grenada,"$464,500",2016
Leopard,44,42.5,Caribbean,British Virgin Islands,"$389,000",2016
Leopard,44,42.5,Caribbean,Bahamas,"$239,999",2016
Lagoon,42,42.5,Europe,Italy,"$515,844",2016
Lagoon,42,42.5,Europe,Italy,"$515,844",2016
Lagoon,42,42.5,Europe,Italy,"$473,362",2016
Lagoon,42,42.5,Europe,Spain,"$461,585",2016
Lagoon,42,42.5,Europe,Spain,"$460,769",2016
Bali,4.3,43,Caribbean,Saint-Martin,"$415,000",2016
Bali,4.3,43,Europe,Spain,"$485,155",2016
Bali,4.3,43,Europe,Greece,"$480,291",2016
Fountaine Pajot,Helia 44,43.6,Caribbean,U.S. Virgin Islands,"$582,000",2016
Fountaine Pajot,Helia 44 Evolution,43.6,Caribbean,U.S. Virgin Islands,"$582,000",2016
Fountaine Pajot,Helia 44,43.6,Europe,France,"$625,569",2016
Fountaine Pajot,Helia 44,43.6,Europe,Belgium,"$595,804",2016
Fountaine Pajot,Helia 44,43.6,USA,Maryland,"$589,000",2016
Fountaine Pajot,Helia 44,43.6,USA,Florida,"$399,000",2016
Fountaine Pajot,Helia 44,43.6,USA,Florida,"$399,000",2016
Bali,4.5,44.6,Europe,Spain,"$363,154",2016
Nautitech,46 Fly,45,Caribbean,British Virgin Islands,"$519,000",2016
Lagoon,450,45.8,Caribbean,Mexico,"$650,000",2016
Lagoon,450,45.8,Caribbean,Puerto Rico,"$495,000",2016
Lagoon,450F,45.8,Europe,Italy,"$546,187",2016
Lagoon,450F,45.8,Europe,Italy,"$521,912",2016
Lagoon,450F,45.8,Europe,Greece,"$516,769",2016
Lagoon,450,45.8,Europe,Italy,"$510,689",2016
Lagoon,450F,45.8,Europe,Greece,"$510,689",2016
Lagoon,450F,45.8,Europe,Greece,"$509,271",2016
Lagoon,450,45.8,Europe,Greece,"$498,152",2016
Lagoon,450F,45.8,Europe,Greece,"$497,146",2016
Lagoon,450F,45.8,Europe,Italy,"$474,211",2016
Lagoon,450F,45.8,Europe,Greece,"$472,895",2016
Lagoon,45F,45.8,Europe,Greece,"$472,895",2016
Leopard,48,48,Caribbean,British Virgin Islands,"$465,000",2016
Leopard,48 Crewed Version,48,Caribbean,British Virgin Islands,"$465,000",2016
Leopard,48,48,Caribbean,British Virgin Islands,"$459,000",2016
Leopard,48,48,Caribbean,Bahamas,"$339,999",2016
Fountaine Pajot,SABA 50,49,Caribbean,Saint-Martin,"$735,636",2016
Fountaine Pajot,SABA 50,49,Caribbean,Guadeloupe,"$667,544",2016
Fountaine Pajot,SABA 50,49,Caribbean,Martinique,"$601,884",2016
Fountaine Pajot,SABA 50,49,Caribbean,Martinique,"$595,804",2016
Fountaine Pajot,SABA 50,49,Caribbean,British Virgin Islands,"$595,000",2016
Fountaine Pajot,SABA 50 Maestro,49,Europe,Spain,"$922,450",2016
Fountaine Pajot,SABA 50,49,Europe,Greece,"$825,350",2016
Lagoon,52,52,Caribbean,Martinique,"$836,660",2016
Lagoon,52F,52,Caribbean,Panama,"$690,000",2016
Lagoon,52,52,Caribbean,Grenada,"$627,812",2016
Lagoon,52,52,Europe,France,"$924,104",2016
Lagoon,52,52,Europe,France,"$923,169",2016
Lagoon,52,52,Europe,France,"$843,556",2016
Lagoon,52,52,Europe,France,"$840,000",2016
Dix Harvey,DH550,55,Europe,Spain,"$845,069",2016
Dix Harvey,DH550,55,Europe,Spain,"$845,069",2016
Dix Harvey,DH550,55,Europe,Portugal,"$845,069",2016
Lagoon,39,38.4,Europe,Greece,"$358,335",2017
Lagoon,39,38.4,Europe,Greece,"$357,702",2017
Lagoon,39,38.4,Europe,Croatia,"$333,781",2017
Lagoon,39,38.4,Europe,Italy,"$297,369",2017
Lagoon,40,38.5,Europe,Spain,"$382,331",2017
Leopard,40,39,Caribbean,Bahamas,"$209,999",2017
Lagoon,400,39,Europe,Sweden,"$511,198",2017
Fountaine Pajot,Lucia 40,39,Europe,France,"$497,637",2017
Fountaine Pajot,Lucia 40,39,Europe,Greece,"$473,732",2017
Fountaine Pajot,Lucia 40,39,Europe,Greece,"$473,362",2017
Lagoon,400,39,Europe,Greece,"$455,156",2017
Lagoon,400 S2,39,Europe,Greece,"$388,703",2017
Lagoon,400,39,Europe,Greece,"$388,400",2017
Fountaine Pajot,Lucia 40,39,Europe,Croatia,"$363,765",2017
Fountaine Pajot,Lucia 40,39,Europe,Croatia,"$363,765",2017
Lagoon,400,39,Europe,Croatia,"$362,911",2017
Fountaine Pajot,Lucia 40 Owner's Version,39,USA,Florida,"$495,000",2017
Seawind,1190 Sport,39,USA,Washington,"$400,000",2017
Seawind,1190 Sport,39,USA,Washington,"$400,000",2017
Nautitech,40 Open,39.5,Europe,France,"$479,431",2017
Nautitech,40 Open,40,USA,Rhode Island,"$398,000",2017
Bali,4.3,42,Europe,Greece,"$452,325",2017
Lagoon,42,42.5,Caribbean,Martinique,"$558,110",2017
Lagoon,42,42.5,Caribbean,Martinique,"$557,470",2017
Lagoon,42,42.5,Caribbean,Martinique,"$522,848",2017
Lagoon,42,42.5,Caribbean,Martinique,"$522,510",2017
Lagoon,42,42.5,Europe,Spain,"$547,167",2017
Lagoon,42 Owners Version,42.5,Europe,Spain,"$546,613",2017
Lagoon,42,42.5,Europe,Spain,"$546,613",2017
Lagoon,42 Owners Version,42.5,Europe,Spain,"$545,648",2017
Lagoon,42,42.5,Europe,Turkey,"$545,648",2017
Lagoon,42,42.5,Europe,Turkey,"$544,184",2017
Lagoon,42,42.5,Europe,Turkey,"$543,760",2017
Lagoon,42,42.5,Europe,Greece,"$534,050",2017
Lagoon,42,42.5,Europe,France,"$534,050",2017
Lagoon,42,42.5,Europe,Croatia,"$516,246",2017
Lagoon,42,42.5,Europe,Croatia,"$515,844",2017
Lagoon,42,42.5,Europe,Greece,"$510,689",2017
Lagoon,42,42.5,Europe,Greece,"$510,172",2017
Lagoon,42,42.5,Europe,Greece,"$509,775",2017
Lagoon,42,42.5,Europe,Greece,"$480,291",2017
Lagoon,42,42.5,Europe,Greece,"$479,805",2017
Lagoon,42,42.5,Europe,Greece,"$479,431",2017
Lagoon,42,42.5,Europe,Greece,"$479,431",2017
Lagoon,42,42.5,Europe,Croatia,"$473,732",2017
Lagoon,42,42.5,Europe,Croatia,"$473,362",2017
Lagoon,42,42.5,Europe,Greece,"$472,895",2017
Lagoon,42,42.5,Europe,Croatia,"$461,225",2017
Lagoon,42,42.5,Europe,Croatia,"$459,620",2017
Lagoon,42,42.5,Europe,Croatia,"$459,155",2017
Lagoon,42,42.5,Europe,Croatia,"$458,344",2017
Lagoon,42,42.5,Europe,Greece,"$458,344",2017
Lagoon,42,42.5,Europe,Malta,"$425,144",2017
Lagoon,42,42.5,Europe,Greece,"$423,599",2017
Lagoon,42,42.5,Europe,Greece,"$413,415",2017
Lagoon,42,42.5,Europe,Greece,"$398,420",2017
Lagoon,42,42.5,Europe,Greece,"$398,110",2017
Lagoon,42,42.5,Europe,Greece,"$394,776",2017
Lagoon,42,42.5,Europe,Greece,"$394,469",2017
Lagoon,42,42.5,Europe,Greece,"$394,079",2017
Lagoon,42,42.5,Europe,Greece,"$389,097",2017
Lagoon,42,42.5,Europe,Greece,"$381,953",2017
Lagoon,42,42.5,USA,North Carolina,"$545,000",2017
Lagoon,42,42.5,USA,North Carolina,"$545,000",2017
Bali,4.3,43,Europe,Greece,"$449,087",2017
Fountaine Pajot,Helia 44,43.6,Caribbean,British Virgin Islands,"$540,000",2017
Fountaine Pajot,Helia 44,43.6,Caribbean,British Virgin Islands,"$529,000",2017
Fountaine Pajot,Helia 44,43.6,USA,Florida,"$450,000",2017
Bali,4.5,44.6,Europe,Italy,"$601,884",2017
Bali,4.5,44.6,Europe,Italy,"$601,275",2017
Bali,4.5,44.6,Europe,Greece,"$426,790",2017
Bali,4.5,44.6,Europe,Greece,"$350,908",2017
Nautitech,46 open,45,Caribbean,Guatemala,"$589,343",2017
Nautitech,46 Open,45,Caribbean,Guatemala,"$589,151",2017
Nautitech,46 Open,45,Caribbean,Guatemala,"$588,669",2017
Nautitech,46 Open,45,Caribbean,Guatemala,"$588,087",2017
Nautitech,46 Fly,45,Caribbean,British Virgin Islands,"$519,000",2017
Nautitech,46 Fly,45,Europe,Greece,"$662,010",2017
Nautitech,46 Fly,45,Europe,Greece,"$661,494",2017
Nautitech,46 Open,45,Europe,Greece,"$607,348",2017
Nautitech,46 Open,45,Europe,Greece,"$606,875",2017
Nautitech,46 Open,45,Europe,Greece,"$594,737",2017
Nautitech,46 Fly,45,Europe,Croatia,"$525,317",2017
Nautitech,46 Fly,45,Europe,Croatia,"$523,822",2017
Leopard,45,45,Europe,Turkey,"$449,000",2017
Leopard,45,45,Europe,Turkey,"$449,000",2017
Lagoon,450F,45.8,Caribbean,Aruba,"$680,000",2017
Lagoon,450F,45.8,Caribbean,U.S. Virgin Islands,"$599,000",2017
Lagoon,450,45.8,Caribbean,British Virgin Islands,"$529,000",2017
Lagoon,450F,45.8,Europe,Croatia,"$791,947",2017
Lagoon,450F,45.8,Europe,Croatia,"$785,793",2017
Lagoon,450S,45.8,Europe,Portugal,"$600,000",2017
Lagoon,450S,45.8,Europe,Portugal,"$600,000",2017
Lagoon,450,45.8,Europe,Portugal,"$582,600",2017
Lagoon,450S,45.8,Europe,France,"$582,024",2017
Lagoon,450S,45.8,Europe,Spain,"$582,024",2017
Lagoon,450F,45.8,Europe,Croatia,"$571,486",2017
Lagoon,450F,45.8,Europe,Croatia,"$570,830",2017
Lagoon,450F,45.8,Europe,Croatia,"$569,899",2017
Lagoon,450F,45.8,Europe,Croatia,"$569,899",2017
Lagoon,450F,45.8,Europe,Croatia,"$541,087",2017
Lagoon,450F,45.8,Europe,Croatia,"$540,677",2017
Lagoon,450F,45.8,Europe,Italy,"$509,775",2017
Lagoon,450,45.8,Europe,Croatia,"$484,664",2017
Lagoon,450,45.8,Europe,Croatia,"$483,808",2017
Bali,4.6,46.85,Europe,Spain,"$314,051",2017
Leopard,48,48,Caribbean,Bahamas,"$379,999",2017
Leopard,48,48,Caribbean,British Virgin Islands,"$195,000",2017
Leopard,48,48,Europe,Turkey,"$479,999",2017
Leopard,48,48,Europe,Turkey,"$479,999",2017
Fountaine Pajot,SABA 50,49,Caribbean,U.S. Virgin Islands,"$1,039,617",2017
Lagoon,52F,52,Caribbean,U.S. Virgin Islands,"$1,100,000",2017
Lagoon,52,52,Caribbean,U.S. Virgin Islands,"$995,000",2017
Lagoon,52,52,Europe,Turkey,"$1,155,130",2017
Lagoon,52F,52,Europe,Sweden,"$547,167",2017
Lagoon,52F,52,Europe,Croatia,"$480,291",2017
Lagoon,52F,52,Europe,Croatia,"$479,805",2017
Lagoon,52,52,USA,Florida,"$1,045,000",2017
Privilege,Series 5,56,Caribbean,Guadeloupe,"$1,094,334",2017
Lagoon,380,38,Caribbean,Grenada,"$330,000",2018
Lagoon,40,38.5,Europe,Spain,"$498,530",2018
Lagoon,40,38.5,Europe,Spain,"$498,026",2018
Lagoon,40,38.5,Europe,France,"$451,515",2018
Lagoon,40,38.5,Europe,Croatia,"$431,654",2018
Lagoon,40,38.5,Europe,Croatia,"$431,217",2018
Lagoon,40,38.5,Europe,Spain,"$411,782",2018
Lagoon,40,38.5,Europe,Spain,"$411,055",2018
Lagoon,40,38.5,Europe,Spain,"$385,427",2018
Leopard,40,39,Caribbean,U.S. Virgin Islands,"$489,000",2018
Fountaine Pajot,Lucia 40,39,Europe,Spain,"$457,738",2018
Fountaine Pajot,Lucia 40,39,Europe,Spain,"$449,087",2018
Fountaine Pajot,Lucia 40,39,Europe,Greece,"$398,929",2018
Lagoon,400,39,Europe,Italy,"$364,359",2018
Lagoon,400,39,Europe,Italy,"$363,765",2018
Nautitech,40 Open,39.5,Caribbean,Martinique,"$455,529",2018
Nautitech,40 Open,39.5,Caribbean,Martinique,"$454,706",2018
Nautitech,40 Open,39.5,Europe,France,"$449,438",2018
Nautitech,40 Open,39.5,Europe,Turkey,"$449,087",2018
Nautitech,40 Open,39.5,Europe,France,"$449,087",2018
Nautitech,40,39.5,Europe,France,"$443,019",2018
Bali,4,40,Europe,Italy,"$316,163",2018
Bali,4,40,USA,Florida,"$449,000",2018
Bali,4.1,41,Europe,Italy,"$497,958",2018
Bali,4.1,41,Europe,Italy,"$497,146",2018
Bali,4.1,41,Europe,Spain,"$424,393",2018
Bali,4.1,41,Europe,Greece,"$406,606",2018
Bali,4.1,41,Europe,Croatia,"$387,664",2018
Seawind,1260,41,USA,Florida,"$595,000",2018
Seawind,1260,41,USA,Florida,"$595,000",2018
Lagoon,42,42.5,Caribbean,Martinique,"$522,848",2018
Lagoon,42,42.5,Caribbean,Martinique,"$522,248",2018
Lagoon,42,42.5,Caribbean,Martinique,"$485,155",2018
Lagoon,42 Owners Version,42.5,Caribbean,Martinique,"$484,286",2018
Lagoon,42,42.5,Europe,Spain,"$557,060",2018
Lagoon,42,42.5,Europe,Spain,"$556,076",2018
Lagoon,42,42.5,Europe,Greece,"$540,119",2018
Lagoon,42,42.5,Europe,Croatia,"$516,246",2018
Lagoon,42,42.5,Europe,Croatia,"$515,844",2018
Lagoon,42,42.5,Europe,Croatia,"$515,334",2018
Lagoon,42,42.5,Europe,Greece,"$509,775",2018
Lagoon,42,42.5,Europe,Greece,"$480,291",2018
Lagoon,42,42.5,Europe,Greece,"$479,431",2018
Lagoon,42,42.5,Europe,France,"$460,836",2018
Lagoon,42,42.5,Europe,France,"$460,370",2018
Lagoon,42,42.5,Europe,Greece,"$449,087",2018
Bali,4.3,43,Europe,Italy,"$547,167",2018
Bali,4.3,43,Europe,Italy,"$546,613",2018
Bali,4.3 LOFT,43,USA,Maryland,"$549,000",2018
Antares,44GS,44,USA,California,"$910,000",2018
Nautitech,46 Open,45,Europe,Croatia,"$775,274",2018
Nautitech,46 Fly,45,Europe,Greece,"$656,646",2018
Nautitech,46 Open,45,Europe,Spain,"$613,367",2018
Nautitech,46 Open,45,Europe,France,"$547,205",2018
Nautitech,46 Open,45,Europe,Greece,"$535,045",2018
Fountaine Pajot,Saona 47,45.7,Europe,Turkey,"$789,553",2018
Fountaine Pajot,Saona 47,45.7,Europe,Turkey,"$788,158",2018
Fountaine Pajot,Saona 47,45.7,Europe,Greece,"$778,247",2018
Fountaine Pajot,Saona 47,45.7,Europe,Greece,"$778,247",2018
Fountaine Pajot,Saona 47,45.7,Europe,Greece,"$778,247",2018
Fountaine Pajot,Saona 47,45.7,Europe,Greece,"$777,300",2018
Fountaine Pajot,Saona 47,45.7,USA,Florida,"$828,000",2018
Fountaine Pajot,Saona 47,45.7,USA,Florida,"$828,000",2018
Lagoon,450F,45.8,Caribbean,Dominican Republic,"$619,012",2018
Lagoon,450F,45.8,Caribbean,Antigua and Barbuda,"$575,000",2018
Lagoon,450,45.8,Caribbean,British Virgin Islands,"$549,000",2018
Lagoon,450S,45.8,Caribbean,Puerto Rico,"$545,000",2018
Lagoon,450F,45.8,Europe,Greece,"$601,275",2018
Lagoon,450,45.8,Europe,Greece,"$601,193",2018
Lagoon,450,45.8,Europe,Greece,"$600,212",2018
Lagoon,450,45.8,Europe,Greece,"$600,212",2018
Lagoon,450F,45.8,Europe,Croatia,"$577,127",2018
Lagoon,450F,45.8,Europe,Croatia,"$575,961",2018
Lagoon,450F,45.8,Europe,Croatia,"$546,539",2018
Lagoon,450F,45.8,Europe,Croatia,"$545,648",2018
Lagoon,450F,45.8,Europe,Italy,"$535,008",2018
Lagoon,450F,45.8,Europe,Italy,"$522,319",2018
Lagoon,450F,45.8,Europe,Italy,"$521,397",2018
Lagoon,450,45.8,Europe,Greece,"$516,176",2018
Lagoon,450,45.8,Europe,Greece,"$515,334",2018
Lagoon,450S,45.8,USA,Florida,"$649,900",2018
Lagoon,450S,45.8,USA,Florida,"$649,900",2018
Lagoon,50,48,Europe,Italy,"$874,616",2018
Lagoon,50,48,Europe,Italy,"$873,900",2018
Lagoon,50,48,Europe,Greece,"$788,937",2018
Chris White,Atlantic 49MF,48.7,USA,Florida,"$990,000",2018
Fountaine Pajot,SABA 50,49,Europe,Croatia,"$934,587",2018
Fountaine Pajot,SABA 50,49,Europe,Croatia,"$934,587",2018
Fountaine Pajot,SABA 50,49,Europe,Italy,"$910,312",2018
Fountaine Pajot,SABA 50,49,Europe,Italy,"$910,312",2018
Lagoon,52 Sport,52,Caribbean,Mexico,"$1,273,178",2018
Lagoon,52F,52,Caribbean,U.S. Virgin Islands,"$1,260,030",2018
Lagoon,52 Sport,52,Caribbean,Mexico,"$1,075,000",2018
HH Catamarans,HH55 Catamaran,55,USA,Rhode Island,"$2,890,000",2018
Lagoon,380,38,Caribbean,Martinique,"$302,570",2019
Lagoon,380,38,Caribbean,Martinique,"$302,224",2019
Lagoon,380,38,Caribbean,Martinique,"$301,925",2019
Lagoon,40,38.5,Europe,Sweden,"$474,302",2019
Lagoon,40,38.5,Europe,Sweden,"$474,278",2019
Lagoon,40,38.5,Europe,Croatia,"$468,132",2019
Lagoon,40,38.5,Europe,Croatia,"$467,658",2019
Lagoon,40,38.5,Europe,France,"$460,836",2019
Lagoon,40,38.5,Europe,France,"$455,973",2019
Lagoon,40,38.5,Europe,Croatia,"$419,070",2019
Lagoon,40,38.5,Europe,Croatia,"$418,744",2019
Lagoon,400,39,Caribbean,British Virgin Islands,"$486,056",2019
Lagoon,400,39,Caribbean,British Virgin Islands,"$485,500",2019
Fountaine Pajot,Lucia 40,39,Europe,France,"$455,511",2019
Fountaine Pajot,Astrea 42,41,Europe,Spain,"$697,906",2019
Bali,4.1,41,Europe,Italy,"$510,103",2019
Bali,4.1,41,Europe,Italy,"$509,271",2019
Bali,4.1,41,Europe,France,"$484,598",2019
Bali,4.1,41,Europe,France,"$483,808",2019
Bali,4.1,41,Europe,Croatia,"$480,324",2019
Bali,4.1,41,Europe,Croatia,"$462,084",2019
Bali,4.1,41,Europe,Croatia,"$461,585",2019
Bali,4.1,41,Europe,Croatia,"$409,066",2019
Bali,4.1,41,Europe,Greece,"$304,103",2019
Fountaine Pajot,Astrea 42,41,USA,Texas,"$671,824",2019
Fountaine Pajot,Astrea 42,41,USA,Florida,"$499,000",2019
Lagoon,42,42.5,Caribbean,Dominican Republic,"$705,237",2019
Lagoon,42,42.5,Caribbean,U.S. Virgin Islands,"$499,000",2019
Lagoon,42,42.5,Caribbean,Martinique,"$486,371",2019
Lagoon,42,42.5,Caribbean,Martinique,"$480,291",2019
Lagoon,42,42.5,Caribbean,Martinique,"$479,740",2019
Lagoon,42,42.5,Europe,France,"$709,128",2019
Lagoon,42,42.5,Europe,Spain,"$594,737",2019
Lagoon,42,42.5,Europe,Italy,"$594,737",2019
Lagoon,42,42.5,Europe,Spain,"$557,773",2019
Lagoon,42,42.5,Europe,Italy,"$486,371",2019
Lagoon,42,42.5,Europe,Greece,"$486,371",2019
Lagoon,42,42.5,Europe,Greece,"$485,879",2019
Lagoon,42,42.5,Europe,Italy,"$485,500",2019
Lagoon,42,42.5,Europe,Greece,"$485,020",2019
Lagoon,42,42.5,Europe,Croatia,"$483,565",2019
Lagoon,42,42.5,Europe,Greece,"$478,957",2019
Lagoon,42,42.5,Europe,Greece,"$461,585",2019
Lagoon,42,42.5,Europe,Greece,"$460,769",2019
Lagoon,42,42.5,Europe,Greece,"$443,364",2019
Lagoon,42,42.5,Europe,Greece,"$443,019",2019
Lagoon,42,42.5,Europe,Croatia,"$359,017",2019
Lagoon,42,42.5,USA,Texas,"$589,000",2019
Lagoon,42,42.5,USA,Texas,"$589,000",2019
Bali,4.3,43,Europe,Greece,"$522,319",2019
Bali,4.3,43,Europe,Greece,"$521,912",2019
Bali,4.5,44.6,Europe,Croatia,"$583,645",2019
Bali,4.5,44.6,Europe,Croatia,"$583,054",2019
Bali,4.5,44.6,Europe,Croatia,"$558,597",2019
Outremer,45,45,Europe,France,"$873,367",2019
Outremer,45,45,Europe,France,"$872,686",2019
Nautitech,46 Fly,45,Europe,Greece,"$753,112",2019
Nautitech,46 Fly,45,Europe,Greece,"$752,525",2019
Leopard,45,45,USA,Florida,"$689,000",2019
Leopard,45,45,USA,Florida,"$689,000",2019
Fountaine Pajot,Saona 47,45.7,Europe,Italy,"$760,007",2019
Fountaine Pajot,Saona 47,45.7,USA,Florida,"$874,000",2019
Fountaine Pajot,Saona 47,45.7,USA,Florida,"$874,000",2019
Lagoon,450,45.8,Caribbean,British Virgin Islands,"$702,976",2019
Lagoon,450,45.8,Caribbean,British Virgin Islands,"$699,635",2019
Lagoon,450,45.8,Caribbean,British Virgin Islands,"$668,327",2019
Lagoon,450,45.8,Caribbean,British Virgin Islands,"$666,903",2019
Lagoon,450,45.8,Caribbean,British Virgin Islands,"$665,000",2019
Lagoon,450,45.8,Caribbean,Mexico,"$599,000",2019
Lagoon,450,45.8,Caribbean,British Virgin Islands,"$590,000",2019
Lagoon,450F,45.8,Caribbean,Martinique,"$551,710",2019
Lagoon,450F,45.8,Caribbean,Martinique,"$544,435",2019
Lagoon,450,45.8,Caribbean,Martinique,"$544,435",2019
Lagoon,450,45.8,Europe,Turkey,"$666,903",2019
Lagoon,450F,45.8,Europe,Turkey,"$641,439",2019
Lagoon,450F,45.8,Europe,Croatia,"$616,475",2019
Lagoon,450F,45.8,Europe,Croatia,"$615,851",2019
Lagoon,450F,45.8,Europe,France,"$595,120",2019
Lagoon,450,45.8,Europe,France,"$594,150",2019
Lagoon,450S,45.8,Europe,Spain,"$594,150",2019
Lagoon,46,46,Caribbean,Martinique,"$716,932",2019
Lagoon,46,46,Caribbean,Martinique,"$715,405",2019
Lagoon,50F,48,Caribbean,British Virgin Islands,"$1,082,175",2019
Lagoon,50F,48,Europe,Croatia,"$875,796",2019
Lagoon,50F,48,Europe,Croatia,"$875,114",2019
Lagoon,50,48,Europe,Greece,"$849,625",2019
Lagoon,50,48,Europe,Greece,"$789,584",2019
Lagoon,50,48,Europe,Greece,"$788,937",2019
Lagoon,50,48,Europe,Greece,"$788,937",2019
Bali,5.4,55.5,Europe,Greece,"$1,246,325",2019
Bali,5.4,55.5,Europe,Italy,"$811,143",2019
Privilege,Series 5,56,USA,Florida,"$1,495,000",2019